"USCDI+ SCD Data Element (TODO)","Use Case","Profile","Element","Cardinality","Must Support","Type","Binding","Source","Description"
"","SCD Diagnosis, SCD Emergency Care","USCDI-SCD Patient","Patient.extension:race","0..1","Y","Extension(US Core Race Extension)","","USCDI-SCD","US Core Race Extension"
"","SCD Diagnosis, SCD Emergency Care","USCDI-SCD Patient","Patient.extension:ethnicity","0..1","Y","Extension(US Core Ethnicity Extension)","","USCDI-SCD","US Core ethnicity Extension"
"","SCD Diagnosis, SCD Emergency Care","USCDI-SCD Patient","Patient.extension:scd-newborn-screen-reference","0..1","","Extension(SCD Newborn Screen Reference)","","USCDI-SCD","Newborn screening result that identified SCD"
"","SCD Diagnosis, SCD Emergency Care","USCDI-SCD Patient","Patient.identifier","1..*","Y","Identifier","","Inherited","An identifier for this patient"
"","SCD Diagnosis, SCD Emergency Care","USCDI-SCD Patient","Patient.identifier.system","1..1","Y","uri","","Inherited","The namespace for the identifier value"
"","SCD Diagnosis, SCD Emergency Care","USCDI-SCD Patient","Patient.identifier.value","1..1","Y","string","","Inherited","The value that is unique within the system."
"","SCD Diagnosis, SCD Emergency Care","USCDI-SCD Patient","Patient.name","1..*","Y","HumanName","","Inherited","A name associated with the patient"
"","SCD Diagnosis, SCD Emergency Care","USCDI-SCD Patient","Patient.name.family","0..1","Y","string","","Inherited","Family name (often called 'Surname')"
"","SCD Diagnosis, SCD Emergency Care","USCDI-SCD Patient","Patient.name.given","0..*","Y","string","","Inherited","Given names (not always 'first'). Includes middle names"
"","SCD Diagnosis, SCD Emergency Care","USCDI-SCD Patient","Patient.telecom","0..*","Y","ContactPoint","","USCDI-SCD","𝗔𝗗𝗗𝗜𝗧𝗜𝗢𝗡𝗔𝗟 𝗨𝗦𝗖𝗗𝗜: A contact detail for the individual"
"","SCD Diagnosis, SCD Emergency Care","USCDI-SCD Patient","Patient.telecom.system","1..1","Y","code","contact-point-system (required)","Inherited","phone | fax | email | pager | url | sms | other"
"","SCD Diagnosis, SCD Emergency Care","USCDI-SCD Patient","Patient.telecom.value","1..1","Y","string","","Inherited","The actual contact point details"
"","SCD Diagnosis, SCD Emergency Care","USCDI-SCD Patient","Patient.telecom.use","0..1","Y","code","contact-point-use (required)","Inherited","home | work | temp | old | mobile - purpose of this contact point"
"","SCD Diagnosis, SCD Emergency Care","USCDI-SCD Patient","Patient.birthDate","0..1","Y","date","","Inherited","The date of birth for the individual"
"","SCD Diagnosis, SCD Emergency Care","USCDI-SCD Patient","Patient.address","0..*","Y","Address","","Inherited","An address for the individual"
"","SCD Diagnosis, SCD Emergency Care","USCDI-SCD Patient","Patient.address.line","0..*","Y","string","","Inherited","Street name, number, direction & P.O. Box etc."
"","SCD Diagnosis, SCD Emergency Care","USCDI-SCD Patient","Patient.address.city","0..1","Y","string","","Inherited","Name of city, town etc."
"","SCD Diagnosis, SCD Emergency Care","USCDI-SCD Patient","Patient.address.state","0..1","Y","string","USPS-State (extensible)","Inherited","Sub-unit of country (abbreviations ok)"
"","SCD Diagnosis, SCD Emergency Care","USCDI-SCD Patient","Patient.address.postalCode","0..1","Y","string","","Inherited","US Zip Codes"
"","SCD Diagnosis, SCD Emergency Care","USCDI-SCD Patient","Patient.communication","0..*","Y","BackboneElement","","USCDI-SCD","𝗔𝗗𝗗𝗜𝗧𝗜𝗢𝗡𝗔𝗟 𝗨𝗦𝗖𝗗𝗜: A language which may be used to communicate with the patient about his or her health"
"","SCD Diagnosis","USCDI-SCD Practitioner","Practitioner.identifier","1..*","Y","Identifier","","Inherited","An identifier for the person as this agent"
"","SCD Diagnosis","USCDI-SCD Practitioner","Practitioner.identifier.system","1..1","Y","uri","","Inherited","The namespace for the identifier value"
"","SCD Diagnosis","USCDI-SCD Practitioner","Practitioner.identifier.value","1..1","Y","string","","Inherited","The value that is unique"
"","SCD Diagnosis","USCDI-SCD Practitioner","Practitioner.identifier:NPI","0..*","Y","Identifier","","Inherited","An identifier for the person as this agent"
"","SCD Diagnosis","USCDI-SCD Practitioner","Practitioner.identifier:NPI.system","1..1","Y","uri","","Inherited","The namespace for the identifier value"
"","SCD Diagnosis","USCDI-SCD Practitioner","Practitioner.identifier:NPI.value","1..1","Y","string","","Inherited","The value that is unique"
"","SCD Diagnosis","USCDI-SCD Practitioner","Practitioner.name","1..*","Y","HumanName","","Inherited","The name(s) associated with the practitioner"
"","SCD Diagnosis","USCDI-SCD Practitioner","Practitioner.name.family","1..1","Y","string","","Inherited","Family name (often called 'Surname')"
"","SCD Diagnosis","USCDI-SCD Practitioner","Practitioner.telecom","0..*","Y","ContactPoint","","Inherited","A contact detail for the practitioner (that apply to all roles)"
"","SCD Diagnosis","USCDI-SCD Practitioner","Practitioner.telecom.system","0..1","Y","code","contact-point-system (required)","Inherited","phone | fax | email | pager | url | sms | other"
"","SCD Diagnosis","USCDI-SCD Practitioner","Practitioner.telecom.value","0..1","Y","string","","Inherited","The actual contact point details"
"","SCD Diagnosis","USCDI-SCD Practitioner","Practitioner.address","0..*","Y","Address","","Inherited","Address(es) of the practitioner"
"","SCD Diagnosis","USCDI-SCD Practitioner","Practitioner.address.line","0..4","Y","string","","Inherited","Street name, number, direction & P.O. Box etc."
"","SCD Diagnosis","USCDI-SCD Practitioner","Practitioner.address.city","0..1","Y","string","","Inherited","Name of city, town etc."
"","SCD Diagnosis","USCDI-SCD Practitioner","Practitioner.address.state","0..1","Y","string","USPS-State (extensible)","Inherited","Sub-unit of country (abbreviations ok)"
"","SCD Diagnosis","USCDI-SCD Practitioner","Practitioner.address.postalCode","0..1","Y","string","","Inherited","US Zip Codes"
"","SCD Diagnosis","USCDI-SCD Practitioner","Practitioner.address.country","0..1","Y","string","","Inherited","Country (e.g. can be ISO 3166 2 or 3 letter code)"
"","SCD Diagnosis","USCDI-SCD PractitionerRole","PractitionerRole.practitioner","0..1","Y","Reference(US Core Practitioner Profile)","","Inherited","Practitioner that is able to provide the defined services for the organization"
"","SCD Diagnosis","USCDI-SCD PractitionerRole","PractitionerRole.organization","0..1","Y","Reference(US Core Organization Profile)","","Inherited","Organization where the roles are available"
"","SCD Diagnosis","USCDI-SCD PractitionerRole","PractitionerRole.code","0..*","Y","CodeableConcept","2.16.840.1.113762.1.4.1099.30 (extensible)","Inherited","Roles which this practitioner may perform"
"","SCD Diagnosis","USCDI-SCD PractitionerRole","PractitionerRole.specialty","0..*","Y","CodeableConcept","2.16.840.1.114222.4.11.1066 (extensible)","Inherited","Specific specialty of the practitioner"
"","SCD Diagnosis","USCDI-SCD PractitionerRole","PractitionerRole.location","0..*","Y","Reference(US Core Location Profile)","","Inherited","The location(s) at which this practitioner provides care"
"","SCD Diagnosis","USCDI-SCD PractitionerRole","PractitionerRole.telecom","0..*","Y","ContactPoint","","Inherited","Contact details that are specific to the role/location/service"
"","SCD Diagnosis","USCDI-SCD PractitionerRole","PractitionerRole.telecom.system","1..1","Y","code","contact-point-system (required)","Inherited","phone | fax | email | pager | url | sms | other"
"","SCD Diagnosis","USCDI-SCD PractitionerRole","PractitionerRole.telecom.value","1..1","Y","string","","Inherited","The actual contact point details"
"","SCD Diagnosis","USCDI-SCD PractitionerRole","PractitionerRole.endpoint","0..*","Y","Reference(Endpoint)","","Inherited","Technical endpoints providing access to services operated for the practitioner with this role"
"","SCD Diagnosis","USCDI-SCD Organization","Organization.identifier","0..*","Y","Identifier","","Inherited","Identifies this organization  across multiple systems"
"","SCD Diagnosis","USCDI-SCD Organization","Organization.identifier.system","0..1","Y","uri","","Inherited","The namespace for the identifier value"
"","SCD Diagnosis","USCDI-SCD Organization","Organization.identifier.value","0..1","Y","string","","Inherited","The value that is unique"
"","SCD Diagnosis","USCDI-SCD Organization","Organization.identifier:NPI","0..*","Y","Identifier","","Inherited","National Provider Identifier (NPI)"
"","SCD Diagnosis","USCDI-SCD Organization","Organization.identifier:NPI.system","0..1","Y","uri","","Inherited","The namespace for the identifier value"
"","SCD Diagnosis","USCDI-SCD Organization","Organization.identifier:NPI.value","0..1","Y","string","","Inherited","The value that is unique"
"","SCD Diagnosis","USCDI-SCD Organization","Organization.identifier:CLIA.system","0..1","Y","uri","","Inherited","The namespace for the identifier value"
"","SCD Diagnosis","USCDI-SCD Organization","Organization.identifier:CLIA.value","0..1","Y","string","","Inherited","The value that is unique"
"","SCD Diagnosis","USCDI-SCD Organization","Organization.identifier:NAIC.system","0..1","Y","uri","","Inherited","The namespace for the identifier value"
"","SCD Diagnosis","USCDI-SCD Organization","Organization.identifier:NAIC.value","0..1","Y","string","","Inherited","The value that is unique"
"","SCD Diagnosis","USCDI-SCD Organization","Organization.active","1..1","Y","boolean","","Inherited","Whether the organization's record is still in active use"
"","SCD Diagnosis","USCDI-SCD Organization","Organization.name","1..1","Y","string","","Inherited","Name used for the organization"
"","SCD Diagnosis","USCDI-SCD Organization","Organization.telecom","0..*","Y","ContactPoint","","Inherited","A contact detail for the organization"
"","SCD Diagnosis","USCDI-SCD Organization","Organization.telecom.system","0..1","Y","code","contact-point-system (required)","Inherited","phone | fax | email | pager | url | sms | other"
"","SCD Diagnosis","USCDI-SCD Organization","Organization.telecom.value","0..1","Y","string","","Inherited","The actual contact point details"
"","SCD Diagnosis","USCDI-SCD Organization","Organization.address","0..*","Y","Address","","Inherited","An address for the organization"
"","SCD Diagnosis","USCDI-SCD Organization","Organization.address.line","0..4","Y","string","","Inherited","Street name, number, direction & P.O. Box etc."
"","SCD Diagnosis","USCDI-SCD Organization","Organization.address.city","0..1","Y","string","","Inherited","Name of city, town etc."
"","SCD Diagnosis","USCDI-SCD Organization","Organization.address.state","0..1","Y","string","USPS-State (extensible)","Inherited","Sub-unit of country (abbreviations ok)"
"","SCD Diagnosis","USCDI-SCD Organization","Organization.address.postalCode","0..1","Y","string","","Inherited","US Zip Codes"
"","SCD Diagnosis","USCDI-SCD Organization","Organization.address.country","0..1","Y","string","","Inherited","Country (e.g. can be ISO 3166 2 or 3 letter code)"
"","Supporting","USCDI-SCD Location","Location.identifier","0..*","Y","Identifier","","Inherited","Unique business identifier for facility or location."
"","Supporting","USCDI-SCD Location","Location.status","0..1","Y","code","location-status (required)","Inherited","active | suspended | inactive"
"","Supporting","USCDI-SCD Location","Location.name","1..1","Y","string","","Inherited","Name by which a facility or location is known."
"","Supporting","USCDI-SCD Location","Location.type","0..*","Y","CodeableConcept","v3-ServiceDeliveryLocationRoleType (extensible)","Inherited","Category of service or resource available in a location."
"","Supporting","USCDI-SCD Location","Location.type.coding","1..*","Y","Coding","","Inherited","Code defined by a terminology system"
"","Supporting","USCDI-SCD Location","Location.type.coding.system","1..1","Y","uri","","Inherited","Identity of the terminology system"
"","Supporting","USCDI-SCD Location","Location.type.coding.code","1..1","Y","code","","Inherited","Symbol in syntax defined by the system"
"","Supporting","USCDI-SCD Location","Location.telecom","0..*","Y","ContactPoint","","Inherited","Contact details of the location"
"","Supporting","USCDI-SCD Location","Location.address","0..1","Y","Address","","Inherited","Physical location"
"","Supporting","USCDI-SCD Location","Location.address.line","0..*","Y","string","","Inherited","Street name, number, direction & P.O. Box etc."
"","Supporting","USCDI-SCD Location","Location.address.city","0..1","Y","string","","Inherited","Name of city, town etc."
"","Supporting","USCDI-SCD Location","Location.address.state","0..1","Y","string","USPS-State (extensible)","Inherited","Sub-unit of country (abbreviations ok)"
"","Supporting","USCDI-SCD Location","Location.address.postalCode","0..1","Y","string","","Inherited","US Zip Codes"
"","Supporting","USCDI-SCD Location","Location.managingOrganization","0..1","Y","Reference(US Core Organization Profile)","","Inherited","Organization responsible for provisioning and upkeep"
"","SCD Emergency Care","USCDI-SCD Encounter","Encounter.meta.lastUpdated","0..1","Y","instant","","Inherited","When the resource last changed"
"","SCD Emergency Care","USCDI-SCD Encounter","Encounter.identifier","0..*","Y","Identifier","","Inherited","Identifier(s) by which this encounter is known"
"","SCD Emergency Care","USCDI-SCD Encounter","Encounter.identifier.system","1..1","Y","uri","","Inherited","The namespace for the identifier value"
"","SCD Emergency Care","USCDI-SCD Encounter","Encounter.identifier.value","1..1","Y","string","","Inherited","The value that is unique"
"","SCD Emergency Care","USCDI-SCD Encounter","Encounter.status","1..1","Y","code","encounter-status (required)","Inherited","planned | arrived | triaged | in-progress | onleave | finished | cancelled +"
"","SCD Emergency Care","USCDI-SCD Encounter","Encounter.class","1..1","Y","Coding","v3-ActEncounterCode (extensible)","Inherited","Classification of patient encounter"
"","SCD Emergency Care","USCDI-SCD Encounter","Encounter.type","1..*","Y","CodeableConcept","2.16.840.1.113762.1.4.1267.23 (extensible)","Inherited","Specific type of encounter"
"","SCD Emergency Care","USCDI-SCD Encounter","Encounter.subject","1..1","Y","Reference(USCDI-SCD Patient)","","USCDI-SCD","The patient or group present at the encounter"
"","SCD Emergency Care","USCDI-SCD Encounter","Encounter.participant","0..*","Y","BackboneElement","","Inherited","List of participants involved in the encounter"
"","SCD Emergency Care","USCDI-SCD Encounter","Encounter.participant.type","0..*","Y","CodeableConcept","encounter-participant-type (extensible)","Inherited","Role of participant in encounter"
"","SCD Emergency Care","USCDI-SCD Encounter","Encounter.participant.period","0..1","Y","Period","","Inherited","Period of time during the encounter that the participant participated"
"","SCD Emergency Care","USCDI-SCD Encounter","Encounter.participant.individual","0..1","Y","Reference(USCDI-SCD Practitioner | USCDI-SCD PractitionerRole)","","USCDI-SCD","Persons involved in the encounter other than the patient"
"","SCD Emergency Care","USCDI-SCD Encounter","Encounter.period","0..1","Y","Period","","Inherited","The start and end time of the encounter"
"","SCD Emergency Care","USCDI-SCD Encounter","Encounter.reasonCode","0..*","Y","CodeableConcept","encounter-reason (preferred)","Inherited","Coded reason the encounter takes place"
"","SCD Emergency Care","USCDI-SCD Encounter","Encounter.reasonReference","0..*","Y","Reference(USCDI-SCD Condition Encounter Diagnosis | USCDI-SCD Condition Problems and Health Concerns | USCDI-SCD Procedure | USCDI-SCD Laboratory Result)","","USCDI-SCD","Reason the encounter takes place (reference)"
"","SCD Emergency Care","USCDI-SCD Encounter","Encounter.diagnosis","0..*","Y","BackboneElement","","USCDI-SCD","The list of diagnosis relevant to this encounter"
"","SCD Emergency Care","USCDI-SCD Encounter","Encounter.diagnosis.condition","1..1","Y","Reference(Condition | Procedure)","","USCDI-SCD","The diagnosis or procedure relevant to the encounter"
"","SCD Emergency Care","USCDI-SCD Encounter","Encounter.diagnosis.use","0..1","Y","CodeableConcept","diagnosis-role (preferred)","USCDI-SCD","Role that this diagnosis has within the encounter (e.g. admission, billing, discharge …)"
"","SCD Emergency Care","USCDI-SCD Encounter","Encounter.hospitalization","0..1","Y","BackboneElement","","Inherited","Details about the admission to a healthcare service"
"","SCD Emergency Care","USCDI-SCD Encounter","Encounter.hospitalization.dischargeDisposition","0..1","Y","CodeableConcept","v3-USEncounterDischargeDisposition (preferred)","Inherited","Category or kind of location after discharge"
"","SCD Emergency Care","USCDI-SCD Encounter","Encounter.location","0..*","Y","BackboneElement","","Inherited","List of locations where the patient has been"
"","SCD Emergency Care","USCDI-SCD Encounter","Encounter.location.location","1..1","Y","Reference(USCDI-SCD Location)","","USCDI-SCD","Location the encounter takes place"
"","SCD Emergency Care","USCDI-SCD Encounter","Encounter.serviceProvider","0..1","Y","Reference(USCDI-SCD Organization)","","USCDI-SCD","The organization (facility) responsible for this encounter"
"","SCD Diagnosis","USCDI-SCD Condition Problems and Health Concerns","Condition.meta.lastUpdated","0..1","Y","instant","","Inherited","When the resource last changed"
"","SCD Diagnosis","USCDI-SCD Condition Problems and Health Concerns","Condition.extension:assertedDate","0..1","Y","Extension(assertedDate)","","Inherited","Date the condition was first asserted"
"","SCD Diagnosis","USCDI-SCD Condition Problems and Health Concerns","Condition.extension:scd-voc-frequency","0..1","Y","Extension(SCD Vaso-Occlusive Crisis Frequency)","","USCDI-SCD","Frequency of vaso-occlusive crisis episodes"
"","SCD Diagnosis","USCDI-SCD Condition Problems and Health Concerns","Condition.extension:scd-newborn-screen-reference","0..1","","Extension(SCD Newborn Screen Reference)","","USCDI-SCD","Newborn screening result that identified SCD"
"","SCD Diagnosis","USCDI-SCD Condition Problems and Health Concerns","Condition.clinicalStatus","0..1","Y","CodeableConcept","condition-clinical (required)","Inherited","active | recurrence | relapse | inactive | remission | resolved"
"","SCD Diagnosis","USCDI-SCD Condition Problems and Health Concerns","Condition.verificationStatus","0..1","Y","CodeableConcept","condition-ver-status (required)","Inherited","unconfirmed | provisional | differential | confirmed | refuted | entered-in-error"
"","SCD Diagnosis","USCDI-SCD Condition Problems and Health Concerns","Condition.category","1..*","Y","CodeableConcept","condition-category (extensible)","Inherited","category codes"
"","SCD Diagnosis","USCDI-SCD Condition Problems and Health Concerns","Condition.category:us-core","1..*","Y","CodeableConcept","us-core-problem-or-health-concern (required)","Inherited","problem-list-item | health-concern"
"","SCD Diagnosis","USCDI-SCD Condition Problems and Health Concerns","Condition.code","1..1","Y","CodeableConcept","us-core-condition-code (preferred)","Inherited","SCD diagnosis (with subtype) or chronic complication code"
"","SCD Diagnosis","USCDI-SCD Condition Problems and Health Concerns","Condition.subject","1..1","Y","Reference(USCDI-SCD Patient)","","USCDI-SCD","Who has the condition?"
"","SCD Diagnosis","USCDI-SCD Condition Problems and Health Concerns","Condition.onset[x]","0..1","Y","dateTime | Age | Period | Range | string","","Inherited","Estimated or actual date,  date-time, or age"
"","SCD Diagnosis","USCDI-SCD Condition Problems and Health Concerns","Condition.abatement[x]","0..1","Y","dateTime | Age | Period | Range | string","","Inherited","When in resolution/remission"
"","SCD Diagnosis","USCDI-SCD Condition Problems and Health Concerns","Condition.recordedDate","0..1","Y","dateTime","","Inherited","Date record was first recorded"
"","SCD Diagnosis","USCDI-SCD Condition Problems and Health Concerns","Condition.recorder","0..1","Y","Reference(US Core Practitioner Profile | US Core Patient Profile | PractitionerRole | US Core RelatedPerson Profile)","","USCDI-SCD","𝗔𝗗𝗗𝗜𝗧𝗜𝗢𝗡𝗔𝗟 𝗨𝗦𝗖𝗗𝗜: Who recorded the condition"
"","SCD Diagnosis","USCDI-SCD Condition Problems and Health Concerns","Condition.asserter","0..1","Y","Reference(Practitioner | PractitionerRole | Patient | RelatedPerson)","","USCDI-SCD","Person who asserts this condition"
"","SCD Diagnosis","USCDI-SCD Condition Problems and Health Concerns","Condition.evidence","0..*","Y","BackboneElement","","USCDI-SCD","Supporting evidence"
"","SCD Emergency Care","USCDI-SCD Condition Encounter Diagnosis","Condition.clinicalStatus","0..1","Y","CodeableConcept","condition-clinical (required)","USCDI-SCD","active | recurrence | relapse | inactive | remission | resolved"
"","SCD Emergency Care","USCDI-SCD Condition Encounter Diagnosis","Condition.verificationStatus","0..1","Y","CodeableConcept","condition-ver-status (required)","USCDI-SCD","unconfirmed | provisional | differential | confirmed | refuted | entered-in-error"
"","SCD Emergency Care","USCDI-SCD Condition Encounter Diagnosis","Condition.category","1..*","Y","CodeableConcept","condition-category (extensible)","Inherited","category codes"
"","SCD Emergency Care","USCDI-SCD Condition Encounter Diagnosis","Condition.category:us-core","1..1","Y","CodeableConcept","condition-category (extensible)","Inherited","encounter-diagnosis"
"","SCD Emergency Care","USCDI-SCD Condition Encounter Diagnosis","Condition.code","1..1","Y","CodeableConcept","us-core-condition-code (preferred)","Inherited","Acute SCD diagnosis code (SNOMED CT or ICD-10-CM)"
"","SCD Emergency Care","USCDI-SCD Condition Encounter Diagnosis","Condition.subject","1..1","Y","Reference(USCDI-SCD Patient)","","USCDI-SCD","Who has the condition?"
"","SCD Emergency Care","USCDI-SCD Condition Encounter Diagnosis","Condition.encounter","0..1","Y","Reference(USCDI-SCD Encounter)","","USCDI-SCD","Encounter created as part of"
"","SCD Emergency Care","USCDI-SCD Condition Encounter Diagnosis","Condition.onset[x]","0..1","Y","dateTime | Age | Period | Range | string","","USCDI-SCD","Estimated or actual date,  date-time, or age"
"","SCD Emergency Care","USCDI-SCD Condition Encounter Diagnosis","Condition.abatement[x]","0..1","Y","dateTime | Age | Period | Range | string","","USCDI-SCD","When in resolution/remission"
"","SCD Emergency Care","USCDI-SCD Condition Encounter Diagnosis","Condition.recordedDate","0..1","Y","dateTime","","Inherited","Date record was first recorded"
"","SCD Emergency Care","USCDI-SCD Condition Encounter Diagnosis","Condition.evidence","0..*","Y","BackboneElement","","USCDI-SCD","Supporting evidence"
"","Supporting","USCDI-SCD Medication","Medication.code","1..1","Y","CodeableConcept","2.16.840.1.113762.1.4.1010.4 (extensible)","Inherited","SCD medication code (RxNorm preferred)"
"","SCD Emergency Care","USCDI-SCD MedicationRequest","MedicationRequest.extension:scd-iron-chelation-indication","0..1","Y","Extension(SCD Iron Chelation Indication)","","USCDI-SCD","Indication and trigger for iron chelation therapy"
"","SCD Emergency Care","USCDI-SCD MedicationRequest","MedicationRequest.status","1..1","Y","code","medicationrequest-status (required)","Inherited","active | on-hold | cancelled | completed | entered-in-error | stopped | draft | unknown"
"","SCD Emergency Care","USCDI-SCD MedicationRequest","MedicationRequest.intent","1..1","Y","code","medicationrequest-intent (required)","Inherited","proposal | plan | order | original-order | reflex-order | filler-order | instance-order | option"
"","SCD Emergency Care","USCDI-SCD MedicationRequest","MedicationRequest.category","0..*","Y","CodeableConcept","medicationrequest-category (example)","Inherited","Type of medication usage"
"","SCD Emergency Care","USCDI-SCD MedicationRequest","MedicationRequest.category:us-core","0..*","Y","CodeableConcept","medicationrequest-category (required)","Inherited","Type of medication usage"
"","SCD Emergency Care","USCDI-SCD MedicationRequest","MedicationRequest.reported[x]","0..1","Y","boolean | Reference(US Core Practitioner Profile | US Core Organization Profile | US Core Patient Profile | US Core PractitionerRole Profile | US Core RelatedPerson Profile)","","Inherited","Reported rather than primary record"
"","SCD Emergency Care","USCDI-SCD MedicationRequest","MedicationRequest.medication[x]","1..1","Y","CodeableConcept | Reference(US Core Medication Profile)","2.16.840.1.113762.1.4.1010.4 (extensible)","Inherited","SCD medication (RxNorm preferred)"
"","SCD Emergency Care","USCDI-SCD MedicationRequest","MedicationRequest.medication[x]:medicationReference","0..1","Y","Reference(USCDI-SCD Medication)","","USCDI-SCD","Medication to be taken"
"","SCD Emergency Care","USCDI-SCD MedicationRequest","MedicationRequest.subject","1..1","Y","Reference(USCDI-SCD Patient)","","USCDI-SCD","Who or group medication request is for"
"","SCD Emergency Care","USCDI-SCD MedicationRequest","MedicationRequest.encounter","0..1","Y","Reference(USCDI-SCD Encounter)","","USCDI-SCD","Encounter created as part of encounter/admission/stay"
"","SCD Emergency Care","USCDI-SCD MedicationRequest","MedicationRequest.authoredOn","0..1","Y","dateTime","","Inherited","When request was initially authored"
"","SCD Emergency Care","USCDI-SCD MedicationRequest","MedicationRequest.requester","0..1","Y","Reference(US Core Practitioner Profile | US Core Patient Profile | US Core Organization Profile | US Core PractitionerRole Profile | US Core RelatedPerson Profile | Device)","","Inherited","Who/What requested the Request"
"","SCD Emergency Care","USCDI-SCD MedicationRequest","MedicationRequest.reasonCode","0..*","Y","CodeableConcept","us-core-condition-code (extensible)","USCDI-SCD","𝗔𝗗𝗗𝗜𝗧𝗜𝗢𝗡𝗔𝗟 𝗨𝗦𝗖𝗗𝗜: Reason or indication for ordering or not ordering the medication"
"","SCD Emergency Care","USCDI-SCD MedicationRequest","MedicationRequest.reasonReference","0..*","Y","Reference(USCDI-SCD Condition Encounter Diagnosis | USCDI-SCD Condition Problems and Health Concerns | USCDI-SCD Laboratory Result)","","USCDI-SCD","𝗔𝗗𝗗𝗜𝗧𝗜𝗢𝗡𝗔𝗟 𝗨𝗦𝗖𝗗𝗜: US Core Condition or Observation that supports the prescription"
"","SCD Emergency Care","USCDI-SCD MedicationRequest","MedicationRequest.dosageInstruction","0..*","Y","Dosage","","Inherited","How the medication should be taken"
"","SCD Emergency Care","USCDI-SCD MedicationRequest","MedicationRequest.dosageInstruction.timing","0..1","Y","Timing","","Inherited","When medication should be administered"
"","SCD Emergency Care","USCDI-SCD MedicationRequest","MedicationRequest.dosageInstruction.route","0..1","Y","CodeableConcept","2.16.840.1.113762.1.4.1267.22 (extensible)","Inherited","How drug should enter body"
"","SCD Emergency Care","USCDI-SCD MedicationRequest","MedicationRequest.dosageInstruction.doseAndRate","0..*","Y","Element","","Inherited","Amount of medication administered"
"","SCD Emergency Care","USCDI-SCD MedicationRequest","MedicationRequest.dosageInstruction.doseAndRate.dose[x]","0..1","Y","Quantity | Range","ucum-common (preferred)","Inherited","Amount of medication per dose"
"","SCD Emergency Care","USCDI-SCD MedicationRequest","MedicationRequest.dispenseRequest","0..1","Y","BackboneElement","","Inherited","Medication supply authorization"
"","SCD Emergency Care","USCDI-SCD MedicationRequest","MedicationRequest.dispenseRequest.numberOfRepeatsAllowed","0..1","Y","unsignedInt","","Inherited","Number of refills authorized"
"","SCD Emergency Care","USCDI-SCD MedicationRequest","MedicationRequest.dispenseRequest.quantity","0..1","Y","Quantity","","Inherited","Amount of medication to supply per dispense"
"","Supporting","USCDI-SCD AllergyIntolerance","AllergyIntolerance.clinicalStatus","0..1","Y","CodeableConcept","allergyintolerance-clinical (required)","Inherited","active | inactive | resolved"
"","Supporting","USCDI-SCD AllergyIntolerance","AllergyIntolerance.verificationStatus","0..1","Y","CodeableConcept","allergyintolerance-verification (required)","Inherited","unconfirmed | confirmed | refuted | entered-in-error"
"","Supporting","USCDI-SCD AllergyIntolerance","AllergyIntolerance.type","0..1","Y","code","allergy-intolerance-type (required)","USCDI-SCD","allergy | intolerance - Underlying mechanism (if known)"
"","Supporting","USCDI-SCD AllergyIntolerance","AllergyIntolerance.category","0..*","Y","code","allergy-intolerance-category (required)","USCDI-SCD","food | medication | environment | biologic"
"","Supporting","USCDI-SCD AllergyIntolerance","AllergyIntolerance.criticality","0..1","Y","code","allergy-intolerance-criticality (required)","USCDI-SCD","low | high | unable-to-assess"
"","Supporting","USCDI-SCD AllergyIntolerance","AllergyIntolerance.code","1..1","Y","CodeableConcept","2.16.840.1.113762.1.4.1186.8 (extensible)","Inherited","Allergen or substance causing reaction (drug, blood product)"
"","Supporting","USCDI-SCD AllergyIntolerance","AllergyIntolerance.patient","1..1","Y","Reference(USCDI-SCD Patient)","","USCDI-SCD","Who the sensitivity is for"
"","Supporting","USCDI-SCD AllergyIntolerance","AllergyIntolerance.onset[x]","0..1","Y","dateTime | Age | Period | Range | string","","USCDI-SCD","When allergy or intolerance was identified"
"","Supporting","USCDI-SCD AllergyIntolerance","AllergyIntolerance.reaction","0..*","Y","BackboneElement","","Inherited","Adverse Reaction Events linked to exposure to substance"
"","Supporting","USCDI-SCD AllergyIntolerance","AllergyIntolerance.reaction.substance","0..1","Y","CodeableConcept","substance-code (example)","USCDI-SCD","Specific substance or pharmaceutical product considered to be responsible for event"
"","Supporting","USCDI-SCD AllergyIntolerance","AllergyIntolerance.reaction.manifestation","1..*","Y","CodeableConcept","clinical-findings (extensible)","Inherited","Clinical symptoms/signs associated with the Event"
"","Supporting","USCDI-SCD AllergyIntolerance","AllergyIntolerance.reaction.severity","0..1","Y","code","reaction-event-severity (required)","USCDI-SCD","mild | moderate | severe (of event as a whole)"
"","SCD Emergency Care","USCDI-SCD CarePlan","CarePlan.text.status","1..1","Y","code","us-core-narrative-status (required)","Inherited","generated | additional"
"","SCD Emergency Care","USCDI-SCD CarePlan","CarePlan.text.div","1..1","Y","xhtml","","Inherited","Limited xhtml content"
"","SCD Emergency Care","USCDI-SCD CarePlan","CarePlan.status","1..1","Y","code","request-status (required)","Inherited","draft | active | on-hold | revoked | completed | entered-in-error | unknown"
"","SCD Emergency Care","USCDI-SCD CarePlan","CarePlan.intent","1..1","Y","code","care-plan-intent (required)","Inherited","proposal | plan | order | option"
"","SCD Emergency Care","USCDI-SCD CarePlan","CarePlan.category","1..*","Y","CodeableConcept","care-plan-category (example)","Inherited","Type of plan"
"","SCD Emergency Care","USCDI-SCD CarePlan","CarePlan.category:AssessPlan","0..1","Y","CodeableConcept","care-plan-category (example)","Inherited","Type of plan"
"","SCD Emergency Care","USCDI-SCD CarePlan","CarePlan.subject","1..1","Y","Reference(USCDI-SCD Patient)","","USCDI-SCD","Who the care plan is for"
"","SCD Emergency Care","USCDI-SCD CarePlan","CarePlan.period","0..1","Y","Period","","USCDI-SCD","Plan effective period"
"","SCD Emergency Care","USCDI-SCD CarePlan","CarePlan.author","0..1","Y","Reference(USCDI-SCD Practitioner | USCDI-SCD PractitionerRole | USCDI-SCD Organization)","","USCDI-SCD","Who is the designated responsible party"
"","SCD Emergency Care","USCDI-SCD CarePlan","CarePlan.careTeam","0..*","Y","Reference(CareTeam)","","USCDI-SCD","Who's involved in plan?"
"","SCD Emergency Care","USCDI-SCD CarePlan","CarePlan.addresses","0..*","Y","Reference(USCDI-SCD Condition Problems and Health Concerns)","","USCDI-SCD","Health issues this plan addresses"
"","SCD Emergency Care","USCDI-SCD CarePlan","CarePlan.goal","0..*","Y","Reference(Goal)","","USCDI-SCD","Desired outcome of plan"
"","SCD Emergency Care","USCDI-SCD CarePlan","CarePlan.activity","0..*","Y","BackboneElement","","USCDI-SCD","Action to occur as part of plan"
"","SCD Emergency Care","USCDI-SCD CarePlan","CarePlan.activity.reference","0..1","Y","Reference(Appointment | CommunicationRequest | DeviceRequest | MedicationRequest | NutritionOrder | Task | ServiceRequest | VisionPrescription | RequestGroup)","","USCDI-SCD","Activity details defined in specific resource"
"","SCD Emergency Care","USCDI-SCD CarePlan","CarePlan.activity.detail","0..1","Y","BackboneElement","","USCDI-SCD","In-line definition of activity"
"","SCD Emergency Care","USCDI-SCD CarePlan","CarePlan.activity.detail.status","1..1","Y","code","care-plan-activity-status (required)","USCDI-SCD","not-started | scheduled | in-progress | on-hold | completed | cancelled | stopped | unknown | entered-in-error"
"","SCD Emergency Care","USCDI-SCD CarePlan","CarePlan.activity.detail.description","0..1","Y","string","","USCDI-SCD","Extra info describing activity to perform"
"","Supporting","USCDI-SCD ServiceRequest","ServiceRequest.status","1..1","Y","code","request-status (required)","Inherited","draft | active | on-hold | revoked | completed | entered-in-error | unknown"
"","Supporting","USCDI-SCD ServiceRequest","ServiceRequest.intent","1..1","Y","code","request-intent (required)","Inherited","proposal | plan | directive | order | original-order | reflex-order | filler-order | instance-order | option"
"","Supporting","USCDI-SCD ServiceRequest","ServiceRequest.category","0..*","Y","CodeableConcept","servicerequest-category (example)","Inherited","Classification of service"
"","Supporting","USCDI-SCD ServiceRequest","ServiceRequest.category:us-core","0..*","Y","CodeableConcept","us-core-servicerequest-category (required)","Inherited","Classification of service"
"","Supporting","USCDI-SCD ServiceRequest","ServiceRequest.code","1..1","Y","CodeableConcept","us-core-procedure-code (extensible)","Inherited","SCD referral, procedure, or order code (SNOMED CT, CPT, LOINC)"
"","Supporting","USCDI-SCD ServiceRequest","ServiceRequest.subject","1..1","Y","Reference(USCDI-SCD Patient)","","USCDI-SCD","Individual or Entity the service is ordered for"
"","Supporting","USCDI-SCD ServiceRequest","ServiceRequest.encounter","0..1","Y","Reference(USCDI-SCD Encounter)","","USCDI-SCD","Encounter in which the request was created"
"","Supporting","USCDI-SCD ServiceRequest","ServiceRequest.occurrence[x]","0..1","Y","Period | dateTime | Timing","","Inherited","When service should occur"
"","Supporting","USCDI-SCD ServiceRequest","ServiceRequest.authoredOn","0..1","Y","dateTime","","Inherited","Date request signed"
"","Supporting","USCDI-SCD ServiceRequest","ServiceRequest.requester","0..1","Y","Reference(USCDI-SCD Practitioner | USCDI-SCD PractitionerRole)","","USCDI-SCD","Who/what is requesting service"
"","Supporting","USCDI-SCD ServiceRequest","ServiceRequest.performer","0..*","Y","Reference(USCDI-SCD Practitioner | USCDI-SCD PractitionerRole | USCDI-SCD Organization)","","USCDI-SCD","Requested performer"
"","Supporting","USCDI-SCD ServiceRequest","ServiceRequest.reasonCode","0..*","Y","CodeableConcept","us-core-condition-code (extensible)","USCDI-SCD","𝗔𝗗𝗗𝗜𝗧𝗜𝗢𝗡𝗔𝗟 𝗨𝗦𝗖𝗗𝗜: Explanation/Justification for procedure or service"
"","Supporting","USCDI-SCD ServiceRequest","ServiceRequest.reasonReference","0..*","Y","Reference(USCDI-SCD Condition Encounter Diagnosis | USCDI-SCD Condition Problems and Health Concerns)","","USCDI-SCD","𝗔𝗗𝗗𝗜𝗧𝗜𝗢𝗡𝗔𝗟 𝗨𝗦𝗖𝗗𝗜: US Core Profile that supports the requested service"
"","Supporting","USCDI-SCD Procedure","Procedure.extension:scd-transfusion-antigen-match","0..1","","Extension(SCD Transfusion Red Cell Antigen Match Profile)","","USCDI-SCD","Red cell antigen matching requested for the transfusion"
"","Supporting","USCDI-SCD Procedure","Procedure.status","1..1","Y","code","event-status (required)","Inherited","preparation | in-progress | not-done | on-hold | stopped | completed | entered-in-error | unknown"
"","Supporting","USCDI-SCD Procedure","Procedure.code","1..1","Y","CodeableConcept","us-core-procedure-code (preferred)","Inherited","SCD procedure code (SNOMED CT or CPT)"
"","Supporting","USCDI-SCD Procedure","Procedure.subject","1..1","Y","Reference(USCDI-SCD Patient)","","USCDI-SCD","Who the procedure was performed on"
"","Supporting","USCDI-SCD Procedure","Procedure.encounter","0..1","Y","Reference(USCDI-SCD Encounter)","","USCDI-SCD","Encounter associated with the procedure"
"","Supporting","USCDI-SCD Procedure","Procedure.performed[x]","0..1","Y","dateTime | Period | string | Age | Range","","Inherited","When the procedure was performed"
"","Supporting","USCDI-SCD Procedure","Procedure.performer","0..*","Y","BackboneElement","","USCDI-SCD","𝗔𝗗𝗗𝗜𝗧𝗜𝗢𝗡𝗔𝗟 𝗨𝗦𝗖𝗗𝗜: The people who performed the procedure"
"","Supporting","USCDI-SCD Procedure","Procedure.performer.actor","1..1","Y","Reference(USCDI-SCD Practitioner | USCDI-SCD PractitionerRole | USCDI-SCD Organization)","","USCDI-SCD","𝗔𝗗𝗗𝗜𝗧𝗜𝗢𝗡𝗔𝗟 𝗨𝗦𝗖𝗗𝗜: The reference to the practitioner"
"","Supporting","USCDI-SCD Procedure","Procedure.reasonCode","0..*","Y","CodeableConcept","us-core-condition-code (extensible)","USCDI-SCD","𝗔𝗗𝗗𝗜𝗧𝗜𝗢𝗡𝗔𝗟 𝗨𝗦𝗖𝗗𝗜: Coded reason procedure performed"
"","Supporting","USCDI-SCD Procedure","Procedure.reasonReference","0..*","Y","Reference(USCDI-SCD Condition Encounter Diagnosis | USCDI-SCD Condition Problems and Health Concerns)","","USCDI-SCD","𝗔𝗗𝗗𝗜𝗧𝗜𝗢𝗡𝗔𝗟 𝗨𝗦𝗖𝗗𝗜: US Core Profile justifying the reason procedure performed"
"","Supporting","USCDI-SCD Procedure","Procedure.usedReference","0..*","Y","Reference(USCDI-SCD Medication | Device)","","USCDI-SCD","Medications or devices used during the procedure"
"","SCD Diagnosis, SCD Emergency Care","USCDI-SCD Laboratory Result","Observation.meta.lastUpdated","0..1","Y","instant","","Inherited","When the resource last changed"
"","SCD Diagnosis, SCD Emergency Care","USCDI-SCD Laboratory Result","Observation.status","1..1","Y","code","observation-status (required)","Inherited","registered | preliminary | final | amended +"
"","SCD Diagnosis, SCD Emergency Care","USCDI-SCD Laboratory Result","Observation.category","1..*","Y","CodeableConcept","observation-category (preferred)","Inherited","Classification of  type of observation"
"","SCD Diagnosis, SCD Emergency Care","USCDI-SCD Laboratory Result","Observation.category:us-core","1..1","Y","CodeableConcept","us-core-clinical-result-observation-category (required)","Inherited","Classification of type of observation"
"","SCD Diagnosis, SCD Emergency Care","USCDI-SCD Laboratory Result","Observation.code","1..1","Y","CodeableConcept","us-core-laboratory-test-codes (extensible)","Inherited","LOINC code for SCD laboratory test"
"","SCD Diagnosis, SCD Emergency Care","USCDI-SCD Laboratory Result","Observation.subject","1..1","Y","Reference(USCDI-SCD Patient)","","USCDI-SCD","Who and/or what the observation is about"
"","SCD Diagnosis, SCD Emergency Care","USCDI-SCD Laboratory Result","Observation.encounter","0..1","Y","Reference(US Core Encounter Profile)","","Inherited","Encounter associated with Observation"
"","SCD Diagnosis, SCD Emergency Care","USCDI-SCD Laboratory Result","Observation.effective[x]","0..1","Y","dateTime | Period | Timing | instant","","Inherited","Clinically relevant time/time-period for observation"
"","SCD Diagnosis, SCD Emergency Care","USCDI-SCD Laboratory Result","Observation.performer","0..*","Y","Reference(US Core Practitioner Profile | US Core Organization Profile | US Core Patient Profile | PractitionerRole | US Core CareTeam Profile | US Core RelatedPerson Profile)","","Inherited","Who is responsible for the observation"
"","SCD Diagnosis, SCD Emergency Care","USCDI-SCD Laboratory Result","Observation.value[x]","0..1","Y","Quantity | CodeableConcept | string | boolean | integer | Range | Ratio | SampledData | time | dateTime | Period","","Inherited","Result Value"
"","SCD Diagnosis, SCD Emergency Care","USCDI-SCD Laboratory Result","Observation.dataAbsentReason","0..1","Y","CodeableConcept","data-absent-reason (extensible)","Inherited","Why the result is missing"
"","SCD Diagnosis, SCD Emergency Care","USCDI-SCD Laboratory Result","Observation.interpretation","0..*","Y","CodeableConcept","observation-interpretation (extensible)","Inherited","Result interpretation"
"","SCD Diagnosis, SCD Emergency Care","USCDI-SCD Laboratory Result","Observation.specimen","0..1","Y","Reference(US Core Specimen Profile)","","Inherited","Specimen used for this observation"
"","SCD Diagnosis, SCD Emergency Care","USCDI-SCD Laboratory Result","Observation.referenceRange","0..*","Y","BackboneElement","","Inherited","Result reference range"
"","SCD Diagnosis, SCD Emergency Care","USCDI-SCD Laboratory Result","Observation.referenceRange.low","0..1","Y","Quantity","","USCDI-SCD","Low Range, if relevant"
"","SCD Diagnosis, SCD Emergency Care","USCDI-SCD Laboratory Result","Observation.referenceRange.high","0..1","Y","Quantity","","USCDI-SCD","High Range, if relevant"
"","SCD Diagnosis, SCD Emergency Care","USCDI-SCD Laboratory Result","Observation.component","0..*","Y","BackboneElement","","USCDI-SCD","Individual result components (e.g., Hgb fractionation panel)"
"","SCD Diagnosis, SCD Emergency Care","USCDI-SCD Laboratory Result","Observation.component.code","1..1","Y","CodeableConcept","observation-codes (example)","USCDI-SCD","Type of component observation (code / type)"
"","SCD Diagnosis, SCD Emergency Care","USCDI-SCD Laboratory Result","Observation.component.value[x]","0..1","Y","Quantity | CodeableConcept | string | boolean | integer | Range | Ratio | SampledData | time | dateTime | Period","","USCDI-SCD","Actual component result"
"","SCD Emergency Care","USCDI-SCD Vital Signs","Observation.status","1..1","Y","code","observation-status (required)","Inherited","registered | preliminary | final | amended +"
"","SCD Emergency Care","USCDI-SCD Vital Signs","Observation.category","1..*","Y","CodeableConcept","observation-category (preferred)","Inherited","Classification of  type of observation"
"","SCD Emergency Care","USCDI-SCD Vital Signs","Observation.category:VSCat","1..1","Y","CodeableConcept","observation-category (preferred)","Inherited","Classification of  type of observation"
"","SCD Emergency Care","USCDI-SCD Vital Signs","Observation.category:VSCat.coding","1..*","Y","Coding","","Inherited","Code defined by a terminology system"
"","SCD Emergency Care","USCDI-SCD Vital Signs","Observation.category:VSCat.coding.system","1..1","Y","uri","","Inherited","Identity of the terminology system"
"","SCD Emergency Care","USCDI-SCD Vital Signs","Observation.category:VSCat.coding.code","1..1","Y","code","","Inherited","Symbol in syntax defined by the system"
"","SCD Emergency Care","USCDI-SCD Vital Signs","Observation.code","1..1","Y","CodeableConcept","2.16.840.1.113883.3.88.12.80.62 (extensible)","Inherited","Vital sign LOINC code (SpO2, pain score, BP, temp, RR, HR, weight)"
"","SCD Emergency Care","USCDI-SCD Vital Signs","Observation.subject","1..1","Y","Reference(USCDI-SCD Patient)","","USCDI-SCD","Who and/or what the observation is about"
"","SCD Emergency Care","USCDI-SCD Vital Signs","Observation.effective[x]","1..1","Y","dateTime | Period","","Inherited","Often just a dateTime for Vital Signs"
"","SCD Emergency Care","USCDI-SCD Vital Signs","Observation.performer","0..*","Y","Reference(US Core Practitioner Profile | US Core Organization Profile | US Core Patient Profile | PractitionerRole | US Core CareTeam Profile | US Core RelatedPerson Profile)","","Inherited","Who is responsible for the observation"
"","SCD Emergency Care","USCDI-SCD Vital Signs","Observation.value[x]","0..1","Y","Quantity | CodeableConcept | string | boolean | integer | Range | Ratio | SampledData | time | dateTime | Period","ucum-vitals-common (extensible)","Inherited","Vital Signs Value"
"","SCD Emergency Care","USCDI-SCD Vital Signs","Observation.dataAbsentReason","0..1","Y","CodeableConcept","data-absent-reason (extensible)","Inherited","Why the result is missing"
"","SCD Emergency Care","USCDI-SCD Vital Signs","Observation.component","0..*","Y","BackboneElement","","Inherited","Component observations"
"","SCD Emergency Care","USCDI-SCD Vital Signs","Observation.component.code","1..1","Y","CodeableConcept","2.16.840.1.113883.3.88.12.80.62 (extensible)","Inherited","Coded vital sign result type"
"","SCD Emergency Care","USCDI-SCD Vital Signs","Observation.component.value[x]","0..1","Y","Quantity | CodeableConcept | string | boolean | integer | Range | Ratio | SampledData | time | dateTime | Period","ucum-vitals-common (extensible)","Inherited","Vital Sign Component Value"
"","SCD Emergency Care","USCDI-SCD Vital Signs","Observation.component.dataAbsentReason","0..1","Y","CodeableConcept","data-absent-reason (extensible)","Inherited","Why the component result is missing"
"","Supporting","USCDI-SCD BiologicallyDerivedProduct","BiologicallyDerivedProduct.extension:scd-transfusion-antigen-match","0..1","Y","Extension(SCD Transfusion Red Cell Antigen Match Profile)","","USCDI-SCD","Red cell antigens matched for this product"
"","Supporting","USCDI-SCD BiologicallyDerivedProduct","BiologicallyDerivedProduct.extension:scd-blood-product-age","0..1","Y","Extension(SCD Blood Product Age at Transfusion)","","USCDI-SCD","Age of the product in days at transfusion"
"","Supporting","USCDI-SCD BiologicallyDerivedProduct","BiologicallyDerivedProduct.productCategory","0..1","Y","code","product-category (required)","USCDI-SCD","biologicalAgent | cells | fluid | tissue | organ"
"","Supporting","USCDI-SCD BiologicallyDerivedProduct","BiologicallyDerivedProduct.productCode","0..1","Y","CodeableConcept","SCD Blood Product Type Value Set (example)","USCDI-SCD","Blood product type code (ISBT 128 or SNOMED CT)"
"","Supporting","USCDI-SCD BiologicallyDerivedProduct","BiologicallyDerivedProduct.status","0..1","Y","code","product-status (required)","USCDI-SCD","available | unavailable | unsatisfactory | entered-in-error"
"","Supporting","USCDI-SCD BiologicallyDerivedProduct","BiologicallyDerivedProduct.request","0..*","Y","Reference(USCDI-SCD ServiceRequest)","","USCDI-SCD","Reference to the transfusion order (SCDServiceRequest)"
"","Supporting","USCDI-SCD BiologicallyDerivedProduct","BiologicallyDerivedProduct.collection","0..1","Y","BackboneElement","","USCDI-SCD","Collection details (donor vs autologous, collection time)"
"","Supporting","USCDI-SCD BiologicallyDerivedProduct","BiologicallyDerivedProduct.collection.source","0..1","Y","Reference(Patient | Organization)","","USCDI-SCD","Donor (allogeneic) or patient (autologous)"
"","Supporting","USCDI-SCD BiologicallyDerivedProduct","BiologicallyDerivedProduct.collection.collected[x]","0..1","Y","dateTime | Period","","USCDI-SCD","Time of product collection"
"","Supporting","USCDI-SCD BiologicallyDerivedProduct","BiologicallyDerivedProduct.processing","0..*","Y","BackboneElement","","USCDI-SCD","Product processing steps (irradiation, leukoreduction, CMV-neg)"
"","Supporting","USCDI-SCD BiologicallyDerivedProduct","BiologicallyDerivedProduct.processing.description","0..1","Y","string","","USCDI-SCD","Description of of processing"
"","Supporting","USCDI-SCD BiologicallyDerivedProduct","BiologicallyDerivedProduct.processing.procedure","0..1","Y","CodeableConcept","SCD Blood Product Processing Value Set (example)","USCDI-SCD","Procesing code"
"","Supporting","USCDI-SCD BiologicallyDerivedProduct","BiologicallyDerivedProduct.processing.time[x]","0..1","Y","dateTime | Period","","USCDI-SCD","Time of processing"
"","Supporting","USCDI-SCD BiologicallyDerivedProduct","BiologicallyDerivedProduct.storage","0..*","Y","BackboneElement","","USCDI-SCD","Storage conditions and duration"
"","Supporting","USCDI-SCD BiologicallyDerivedProduct","BiologicallyDerivedProduct.storage.duration","0..1","Y","Period","","USCDI-SCD","Storage timeperiod"
"","","SCD Blood Product Age at Transfusion","scd-blood-product-age:(value)","0..*","","Quantity","","USCDI-SCD","Extension"
"","","SCD Iron Chelation Indication","scd-iron-chelation-indication:indicationCode","0..1","","CodeableConcept","","USCDI-SCD","Reason for initiating iron chelation"
"","","SCD Iron Chelation Indication","scd-iron-chelation-indication:triggerMeasurement","0..1","","CodeableConcept","","USCDI-SCD","Laboratory or imaging measure that triggered chelation"
"","","SCD Iron Chelation Indication","scd-iron-chelation-indication:triggerValue","0..1","","Quantity","","USCDI-SCD","The value at which chelation was initiated"
"","","SCD Newborn Screen Reference","scd-newborn-screen-reference:(value)","0..*","","Reference(Observation | DiagnosticReport)","","USCDI-SCD","Extension"
"","","SCD Transfusion Red Cell Antigen Match Profile","scd-transfusion-antigen-match:matchedAntigen","0..*","","CodeableConcept","SCD Red Cell Antigen Value Set (example)","USCDI-SCD","Specific antigen confirmed matched/negative"
"","","SCD Transfusion Red Cell Antigen Match Profile","scd-transfusion-antigen-match:matchingProtocol","0..1","","string","","USCDI-SCD","Antigen matching protocol used"
"","","SCD Vaso-Occlusive Crisis Frequency","scd-voc-frequency:episodeCount","1..1","","integer","","USCDI-SCD","Number of VOC episodes in the observation period"
"","","SCD Vaso-Occlusive Crisis Frequency","scd-voc-frequency:observationPeriod","1..1","","Period","","USCDI-SCD","Period over which VOC episodes were counted"
"","","SCD Vaso-Occlusive Crisis Frequency","scd-voc-frequency:measurementMethod","0..1","","CodeableConcept","","USCDI-SCD","How episodes were counted (self-report, chart review, hospitalization records)"
